<?xml version="1.0" encoding="UTF-8"?>
<project-private xmlns="http://www.netbeans.org/ns/project-private/1">
    <editor-bookmarks xmlns="http://www.netbeans.org/ns/editor-bookmarks/2" lastBookmarkId="0"/>
    <open-files xmlns="http://www.netbeans.org/ns/projectui-open-files/2">
        <group>
            <file>file:/C:/Users/Guilherme%20Amorim/Desktop/Guilherme_Java/Projects/CorrecaoCondicionais/src/correcaocondicionais/CorrecaoCondicionais.java</file>
            <file>file:/C:/Users/Guilherme%20Amorim/Desktop/Guilherme_Java/Projects/CorrecaoCondicionais/src/correcaocondicionais/IMC.java</file>
            <file>file:/C:/Users/Guilherme%20Amorim/Desktop/Guilherme_Java/Projects/CorrecaoCondicionais/src/correcaocondicionais/NumeroMagico.java</file>
            <file>file:/C:/Users/Guilherme%20Amorim/Desktop/Guilherme_Java/Projects/CorrecaoCondicionais/src/correcaocondicionais/Eleitor.java</file>
        </group>
    </open-files>
</project-private>
